-- Código com os esquemas do banco
SET TIMEZONE TO 'GMT+3'; -- São Paulo timezone
SET DATESTYLE TO 'DMY';

CREATE TABLE IF NOT EXISTS FUNCIONARIOS (
    CPF VARCHAR(11) PRIMARY KEY,
    TELEFONE VARCHAR(11) NOT NULL,
    CARGO VARCHAR(30) NOT NULL CHECK(UPPER(CARGO) IN ('ADMIN', 'PROF')),
    NOME VARCHAR(30) NOT NULL,
    DATA_NASC DATE,
    SEXO VARCHAR(20)
);

CREATE TABLE IF NOT EXISTS ADMINISTRADOR (
    CPF VARCHAR(11) PRIMARY KEY,
    CONSTRAINT FK_ADM FOREIGN KEY (CPF) REFERENCES FUNCIONARIOS(CPF) ON DELETE CASCADE
);

CREATE TABLE IF NOT EXISTS PROFESSOR (
    FUNCIONARIO VARCHAR(11) PRIMARY KEY,
    CFEP VARCHAR(12) NOT NULL,
    QNTD_TURMAS INTEGER,
    CONSTRAINT FK_PROF FOREIGN KEY (FUNCIONARIO) REFERENCES FUNCIONARIOS(CPF) ON DELETE CASCADE
);

CREATE TABLE IF NOT EXISTS IDIOMAS_PROF (
    PROFESSOR VARCHAR(11) NOT NULL,
    IDIOMA VARCHAR(20) NOT NULL,
    CONSTRAINT PK_IDIOMAS_PROF PRIMARY KEY (PROFESSOR, IDIOMA),
    CONSTRAINT FK_IDIOMAS_PROF FOREIGN KEY (PROFESSOR) REFERENCES PROFESSOR(FUNCIONARIO) ON DELETE CASCADE
);

CREATE TABLE IF NOT EXISTS PATROCINADOR (
    CNPJ VARCHAR(14) PRIMARY KEY,
    NOME_EMPRESA VARCHAR(50)
);

CREATE TABLE IF NOT EXISTS CONTATO (
    ADMINISTRADOR VARCHAR(11) NOT NULL,
    EMPRESA VARCHAR(14) NOT NULL,
    "DATA" DATE NOT NULL, -- Só salva a data do último contato com a empresa
    CONSTRAINT PK_CONTATO PRIMARY KEY (ADMINISTRADOR, EMPRESA),
    CONSTRAINT FK_ADM FOREIGN KEY (ADMINISTRADOR) REFERENCES ADMINISTRADOR(CPF) ON DELETE CASCADE,
    CONSTRAINT FK_EMP FOREIGN KEY (EMPRESA) REFERENCES PATROCINADOR(CNPJ) ON DELETE CASCADE
);

CREATE TABLE IF NOT EXISTS REPRESENTANTES (
    EMPRESA VARCHAR(14) NOT NULL,
    NOME VARCHAR(50) NOT NULL,
    TELEFONE VARCHAR(50) NOT NULL,
    CONSTRAINT PK_REP PRIMARY KEY (EMPRESA, NOME, TELEFONE),
    CONSTRAINT FK_EMP FOREIGN KEY (EMPRESA) REFERENCES PATROCINADOR(CNPJ) ON DELETE CASCADE
);

CREATE TABLE IF NOT EXISTS ALDEIA (
    "LOCAL" VARCHAR(25) PRIMARY KEY, -- String com a geolocalização de uma aldeia, por exemplo (-22.013333, -47.888758)
    IDIOMA_OFICIAL VARCHAR(30) NOT NULL,
    NUM_MORADORES INTEGER,
    ETNIA VARCHAR(15)
);

CREATE TABLE IF NOT EXISTS INDIGENA (
    CPF VARCHAR(11) PRIMARY KEY,
    DATA_NASC DATE,
    RANI VARCHAR(15) NOT NULL,
    NOME VARCHAR(50),
    SEXO VARCHAR(20),
    ALDEIA VARCHAR(25) NOT NULL,
    CONSTRAINT FK_INDIGENA FOREIGN KEY (ALDEIA) REFERENCES ALDEIA("LOCAL") ON DELETE CASCADE
);

CREATE TABLE IF NOT EXISTS IDIOMAS_INDIGENA (
    INDIGENA VARCHAR(11) NOT NULL,
    IDIOMA VARCHAR(20) NOT NULL,
    CONSTRAINT PK_IDIOMAS_IND PRIMARY KEY (INDIGENA, IDIOMA),
    CONSTRAINT FK_IDIOMAS_IND FOREIGN KEY (INDIGENA) REFERENCES INDIGENA(CPF) ON DELETE CASCADE
);

CREATE TABLE IF NOT EXISTS PATROCINIO (
    NOTA_FISCAL VARCHAR(6) PRIMARY KEY
);

CREATE TABLE IF NOT EXISTS FORNECIMENTO (
    PATROCINIO VARCHAR(6) PRIMARY KEY,
    "DATA" DATE NOT NULL,
    PATROCINADOR VARCHAR(14) NOT NULL,
    TIPO VARCHAR(20) NOT NULL CHECK(UPPER(TIPO) IN ('PROJETO', 'CURSO')),
    CONSTRAINT UNIQUE_SK_FORNECIMENTO UNIQUE("DATA", PATROCINADOR),
    CONSTRAINT FK_PK_FORNECIMENTO FOREIGN KEY (PATROCINIO) REFERENCES PATROCINIO(NOTA_FISCAL) ON DELETE CASCADE,
    CONSTRAINT FK_PATROCINADOR_FORN FOREIGN KEY (PATROCINADOR) REFERENCES PATROCINADOR(CNPJ) ON DELETE CASCADE
);

CREATE TABLE IF NOT EXISTS MATERIAL (
    IMEI VARCHAR(15) PRIMARY KEY,
    TIPO VARCHAR(20)
);

CREATE TABLE IF NOT EXISTS MATERIAL_FORNECIMENTO (
    FORNECIMENTO VARCHAR(6) NOT NULL,
    MATERIAL VARCHAR(15) NOT NULL,
    QUANTIDADE INTEGER NOT NULL,
    CONSTRAINT PK_MATERIAL_FORNECIMENTO PRIMARY KEY(FORNECIMENTO, MATERIAL),
    CONSTRAINT FK_FORNECIMENTO_MF FOREIGN KEY (FORNECIMENTO) REFERENCES FORNECIMENTO(PATROCINIO) ON DELETE CASCADE,
    CONSTRAINT FK_MATERIAL_MF FOREIGN KEY (MATERIAL) REFERENCES MATERIAL(IMEI) ON DELETE CASCADE
);

CREATE TABLE IF NOT EXISTS CURSO (
    CODIGO VARCHAR(10) PRIMARY KEY,
    NOME VARCHAR(100),
    EMENTA VARCHAR(100)
);

CREATE TABLE IF NOT EXISTS PRE_REQUISITOS (
    CURSO_A VARCHAR(10) PRIMARY KEY,
    CURSO_B VARCHAR(10) UNIQUE,
    CONSTRAINT FK_CURSO_A FOREIGN KEY (CURSO_A) REFERENCES CURSO(CODIGO) ON DELETE CASCADE,
    CONSTRAINT FK_CURSO_B FOREIGN KEY (CURSO_B) REFERENCES CURSO(CODIGO) ON DELETE CASCADE
);

CREATE TABLE IF NOT EXISTS FORNECIMENTO_CURSO (
    FORNECIMENTO VARCHAR(6) NOT NULL,
    CURSO VARCHAR(10) NOT NULL,
    CONSTRAINT PK_FORNECIMENTO_CURSO PRIMARY KEY (FORNECIMENTO, CURSO),
    CONSTRAINT FK_FORNECIMENTO_CURSO FOREIGN KEY (FORNECIMENTO) REFERENCES FORNECIMENTO(PATROCINIO) ON DELETE CASCADE
);

CREATE TABLE IF NOT EXISTS PROJETO (
    TITULO VARCHAR(50) PRIMARY KEY,
    PROFESSOR VARCHAR(11) NOT NULL,
    ALUNO VARCHAR(11) NOT NULL,
    PUBLICO_ALVO VARCHAR(50),
    TEMA VARCHAR(100) NOT NULL,
    ESPECIFICACAO VARCHAR(100),
    CONSTRAINT SK_PROJETO UNIQUE(PROFESSOR, ALUNO),
    CONSTRAINT FK_ALUNO_PROJETO FOREIGN KEY (ALUNO) REFERENCES INDIGENA(CPF) ON DELETE CASCADE,
    CONSTRAINT FK_PROJ_PROJETO FOREIGN KEY (PROFESSOR) REFERENCES PROFESSOR(FUNCIONARIO) ON DELETE CASCADE
);

CREATE TABLE IF NOT EXISTS PALAVRAS_CHAVE (
    PROJETO VARCHAR(50) NOT NULL,
    PALAVRA VARCHAR(50) NOT NULL,
    CONSTRAINT PK_PALAVRAS_CHAVE PRIMARY KEY (PROJETO, PALAVRA),
    CONSTRAINT FK_PALAVRAS_CHAVE FOREIGN KEY (PROJETO) REFERENCES PROJETO(TITULO) ON DELETE CASCADE
);

CREATE TABLE IF NOT EXISTS FORNECIMENTO_PROJETO (
    FORNECIMENTO VARCHAR(6) NOT NULL,
    PROJETO VARCHAR(50) NOT NULL,
    CONSTRAINT PK_FORNECIMENTO_PROJETO PRIMARY KEY (FORNECIMENTO, PROJETO),
    CONSTRAINT FK_FORNECIMENTO_FP FOREIGN KEY (FORNECIMENTO) REFERENCES FORNECIMENTO(PATROCINIO) ON DELETE CASCADE,
    CONSTRAINT FK_PROJETO_FP FOREIGN KEY (PROJETO) REFERENCES PROJETO(TITULO) ON DELETE CASCADE
);

-- -- Função usada para checar se o trimestre adicionado não está no futuro da data atual, ou seja, quando o ano inserido é o mesmo do ano atual fazemos uma checagem pelo trimestre. Quando o ano é menor que o atual só retornamos o trimestre já inserido
-- CREATE OR REPLACE FUNCTION GET_CURRENT_TRIMESTER(ANO INTEGER, TRIMESTRE VARCHAR) RETURNS VARCHAR
-- DECLARE
--     MES_ATUAL INTEGER;
--     ANO_ATUAL INTEGER;
--     TRIMESTRE_ATUAL VARCHAR;
-- BEGIN
--     MES_ATUAL := EXTRACT(MONTH FROM CURRENT_DATE)
--     ANO_ATUAL := EXTRACT(YEAR FROM CURRENT_DATE)

--     IF ANO == ANO_ATUAL THEN
--         CASE
--             WHEN MES_ATUAL IN (1, 2, 3) THEN TRIMESTRE_ATUAL := '1o';
--             WHEN MES_ATUAL IN (4, 5, 6) THEN TRIMESTRE_ATUAL := '2o';
--             WHEN MES_ATUAL IN (7, 8, 9) THEN TRIMESTRE_ATUAL := '3o';
--             WHEN MES_ATUAL IN (10, 11, 12) THEN TRIMESTRE_ATUAL := '4o';
--         END CASE;
--     ELSE
--         TRIMESTRE_ATUAL := TRIMESTRE;
--     END IF;

--     RETURN TRIMESTRE_ATUAL;
-- END;

CREATE TABLE IF NOT EXISTS TURMA (
    ID SERIAL PRIMARY KEY, -- Usando serial para automaticamente gerar um id sintético
    CURSO VARCHAR(10) NOT NULL,
    ALDEIA VARCHAR(25) NOT NULL,
    ANO INTEGER NOT NULL CHECK(ANO <= EXTRACT(YEAR FROM CURRENT_DATE)), -- Ano mas salvo como string
    TRIMESTRE VARCHAR(2) NOT NULL, -- CHECK(TRIMESTRE = GET_CURRENT_TRIMESTER(ANO, TRIMESTRE)) AND CHECK (TRIMESTRE IN ('1o', '2o', '3o', '4o')); -- Usando o segundo check para casos onde o ano inserido não é o mesmo do atual, sendo assim é necessário fazer uma comparação para saber se o trimestre inserido está dentro dos valores válidos.
    HORARIO VARCHAR(5) CHECK(UPPER(HORARIO) IN ('MANHA', 'TARDE', 'NOITE')),
    PROFESSOR VARCHAR(11) NOT NULL,
    CONSTRAINT SK_TURMA UNIQUE(CURSO, ALDEIA, ANO, TRIMESTRE),
    CONSTRAINT FK_CURSO_TURMA FOREIGN KEY (CURSO) REFERENCES CURSO(CODIGO) ON DELETE CASCADE,
    CONSTRAINT FK_CURSO_ALDEIA FOREIGN KEY (ALDEIA) REFERENCES ALDEIA("LOCAL") ON DELETE CASCADE,
    CONSTRAINT FK_CURSO_PROF FOREIGN KEY (PROFESSOR) REFERENCES PROFESSOR(FUNCIONARIO) ON DELETE CASCADE
);

CREATE TABLE IF NOT EXISTS ALUNO_TURMA (
    ALUNO VARCHAR(11) NOT NULL, 
    TURMA SERIAL NOT NULL,
    APROVADO BOOLEAN,
    CONSTRAINT PK_ALUNO_TURMA PRIMARY KEY (ALUNO, TURMA),
    CONSTRAINT FK_ALUNO_AT FOREIGN KEY (ALUNO) REFERENCES INDIGENA(CPF) ON DELETE CASCADE,
    CONSTRAINT FK_TURMA_AT FOREIGN KEY (TURMA) REFERENCES TURMA(ID) ON DELETE CASCADE
);

-- Código para inserção de dados nas tabelas

-- Inserção na tabela funcionarios
INSERT INTO FUNCIONARIOS(CPF, TELEFONE, CARGO, NOME, DATA_NASC, SEXO) VALUES ('45576045874', '14998319889', 'ADMIN', 'DIOGENES', '06/07/2000', 'MASCULINO');
INSERT INTO FUNCIONARIOS(CPF, TELEFONE, CARGO, NOME, DATA_NASC, SEXO) VALUES ('87420936501', '14990236581', 'PROF', 'PEDRO FRANÇA', '07/05/2002', 'MASCULINO');
INSERT INTO FUNCIONARIOS(CPF, TELEFONE, CARGO, NOME, DATA_NASC, SEXO) VALUES ('59203678149', '14995678123', 'PROF', 'JOÃO XAROPE', '24/02/2002', 'MASCULINO');
INSERT INTO FUNCIONARIOS(CPF, TELEFONE, CARGO, NOME, DATA_NASC, SEXO) VALUES ('20384791562', '14994827150', 'PROF', 'ALEXANDRE SACIM', '23/02/2002', 'MASCULINO');
INSERT INTO FUNCIONARIOS(CPF, TELEFONE, CARGO, NOME, DATA_NASC, SEXO) VALUES ('75162983047', '14993140826', 'PROF', 'PEDRO KENZO', '26/02/2002', 'MASCULINO');

-- Inserção na tabela administrador
INSERT INTO ADMINISTRADOR VALUES ('45576045874');

-- Inserção na tabela professor
INSERT INTO PROFESSOR(FUNCIONARIO, CFEP, QNTD_TURMAS) VALUES ('87420936501', '492187563209', '23');
INSERT INTO PROFESSOR(FUNCIONARIO, CFEP, QNTD_TURMAS) VALUES ('59203678149', '621098374521', '41');
INSERT INTO PROFESSOR(FUNCIONARIO, CFEP, QNTD_TURMAS) VALUES ('20384791562', '841956703248', '12');
INSERT INTO PROFESSOR(FUNCIONARIO, CFEP, QNTD_TURMAS) VALUES ('75162983047', '359872401965', '37');

-- Inserção na tabela idiomas_prof
INSERT INTO IDIOMAS_PROF(PROFESSOR, IDIOMA) VALUES ('87420936501', 'Kaingang');
INSERT INTO IDIOMAS_PROF(PROFESSOR, IDIOMA) VALUES ('87420936501', 'Guarani Mbyá');
INSERT INTO IDIOMAS_PROF(PROFESSOR, IDIOMA) VALUES ('87420936501', 'Nheengatu');
INSERT INTO IDIOMAS_PROF(PROFESSOR, IDIOMA) VALUES ('59203678149', 'Tupi Guarani');
INSERT INTO IDIOMAS_PROF(PROFESSOR, IDIOMA) VALUES ('59203678149', 'Paiter Suruí');
INSERT INTO IDIOMAS_PROF(PROFESSOR, IDIOMA) VALUES ('59203678149', 'Nheengatu');
INSERT INTO IDIOMAS_PROF(PROFESSOR, IDIOMA) VALUES ('59203678149', 'Yanomami');
INSERT INTO IDIOMAS_PROF(PROFESSOR, IDIOMA) VALUES ('20384791562', 'Tupi Guarani');
INSERT INTO IDIOMAS_PROF(PROFESSOR, IDIOMA) VALUES ('20384791562', 'Kaingang');
INSERT INTO IDIOMAS_PROF(PROFESSOR, IDIOMA) VALUES ('20384791562', 'Yanomami');
INSERT INTO IDIOMAS_PROF(PROFESSOR, IDIOMA) VALUES ('20384791562', 'Guarani Mbyá');
INSERT INTO IDIOMAS_PROF(PROFESSOR, IDIOMA) VALUES ('20384791562', 'Karajá');

-- Inserção na tabela patrocinador
INSERT INTO PATROCINADOR(CNPJ, NOME_EMPRESA) VALUES ('12345678000101', 'Kabum Eletroeletrônicos Ltda');
INSERT INTO PATROCINADOR(CNPJ, NOME_EMPRESA) VALUES ('98765432000102', 'Samsung Store Brasil S.A.');
INSERT INTO PATROCINADOR(CNPJ, NOME_EMPRESA) VALUES ('87654321000103', 'Pichau Informática Eireli');
INSERT INTO PATROCINADOR(CNPJ, NOME_EMPRESA) VALUES ('76543210000104', 'Techmania Online Ltda');
INSERT INTO PATROCINADOR(CNPJ, NOME_EMPRESA) VALUES ('65432109000105', 'CyberShop Brasil Ltda');
INSERT INTO PATROCINADOR(CNPJ, NOME_EMPRESA) VALUES ('54321098000106', 'MegaEletro E-commerce S.A.');
INSERT INTO PATROCINADOR(CNPJ, NOME_EMPRESA) VALUES ('43210987000107', 'InfoTech Digital Eireli');
INSERT INTO PATROCINADOR(CNPJ, NOME_EMPRESA) VALUES ('32109876000108', 'SmartGadget Solutions Ltda');
INSERT INTO PATROCINADOR(CNPJ, NOME_EMPRESA) VALUES ('21098765000109', 'PowerPC Electronics Ltda');
INSERT INTO PATROCINADOR(CNPJ, NOME_EMPRESA) VALUES ('10987654000110', 'DigitalGamer Online Ltda');

-- Inserção na tabela contato
INSERT INTO CONTATO(ADMINISTRADOR, EMPRESA, "DATA") VALUES ('45576045874', '12345678000101', '07/05/2023');
INSERT INTO CONTATO(ADMINISTRADOR, EMPRESA, "DATA") VALUES ('45576045874', '98765432000102', '19/05/2023');
INSERT INTO CONTATO(ADMINISTRADOR, EMPRESA, "DATA") VALUES ('45576045874', '87654321000103', '25/05/2023');

-- Inserção na tabela representantes
INSERT INTO REPRESENTANTES(EMPRESA, NOME, TELEFONE) VALUES ('12345678000101', 'João Silva', '+55 (11) 1234-5678');
INSERT INTO REPRESENTANTES(EMPRESA, NOME, TELEFONE) VALUES ('12345678000101', 'Maria Santos', '+55 (11) 1234-5679');
INSERT INTO REPRESENTANTES(EMPRESA, NOME, TELEFONE) VALUES ('98765432000102', 'Pedro Costa', '+55 (14) 2345-6789');
INSERT INTO REPRESENTANTES(EMPRESA, NOME, TELEFONE) VALUES ('87654321000103', 'Ana Pereira', '+55 (16) 3456-7890');
INSERT INTO REPRESENTANTES(EMPRESA, NOME, TELEFONE) VALUES ('87654321000103', 'Lucas Souza', '+55 (16) 3456-7891');
INSERT INTO REPRESENTANTES(EMPRESA, NOME, TELEFONE) VALUES ('87654321000103', 'Larissa Oliveira', '+55 (16) 3456-7892');
INSERT INTO REPRESENTANTES(EMPRESA, NOME, TELEFONE) VALUES ('76543210000104', 'Mariana Almeida', '+55 (11) 4567-8901');
INSERT INTO REPRESENTANTES(EMPRESA, NOME, TELEFONE) VALUES ('76543210000104', 'Rafael Lima', '+55 (11) 4567-8902');
INSERT INTO REPRESENTANTES(EMPRESA, NOME, TELEFONE) VALUES ('65432109000105', 'Gabriela Ferreira', '+55 (14) 5678-9012');
INSERT INTO REPRESENTANTES(EMPRESA, NOME, TELEFONE) VALUES ('54321098000106', 'Guilherme Gomes', '+55 (16) 6789-0123');
INSERT INTO REPRESENTANTES(EMPRESA, NOME, TELEFONE) VALUES ('54321098000106', 'Bianca Rodrigues', '+55 (16) 6789-0124');
INSERT INTO REPRESENTANTES(EMPRESA, NOME, TELEFONE) VALUES ('43210987000107', 'Juliana Nunes', '+55 (11) 7890-1234');
INSERT INTO REPRESENTANTES(EMPRESA, NOME, TELEFONE) VALUES ('32109876000108', 'Matheus Castro', '+55 (14) 8901-2345');
INSERT INTO REPRESENTANTES(EMPRESA, NOME, TELEFONE) VALUES ('32109876000108', 'Letícia Costa', '+55 (14) 8901-2346');
INSERT INTO REPRESENTANTES(EMPRESA, NOME, TELEFONE) VALUES ('32109876000108', 'Enzo Martins', '+55 (14) 8901-2347');
INSERT INTO REPRESENTANTES(EMPRESA, NOME, TELEFONE) VALUES ('21098765000109', 'Carolina Ribeiro', '+55 (16) 9012-3456');
INSERT INTO REPRESENTANTES(EMPRESA, NOME, TELEFONE) VALUES ('21098765000109', 'Gustavo Oliveira', '+55 (16) 9012-3457');
INSERT INTO REPRESENTANTES(EMPRESA, NOME, TELEFONE) VALUES ('10987654000110', 'Isabela Sousa', '+55 (11) 0123-4567');
INSERT INTO REPRESENTANTES(EMPRESA, NOME, TELEFONE) VALUES ('10987654000110', 'Thiago Fernandes', '+55 (11) 0123-4568');

-- Inserção na tabela aldeia
INSERT INTO ALDEIA("LOCAL", IDIOMA_OFICIAL, NUM_MORADORES, ETNIA) VALUES ('(-3.4653, -62.2159)', 'Kaingang', '348', 'tupi');
INSERT INTO ALDEIA("LOCAL", IDIOMA_OFICIAL, NUM_MORADORES, ETNIA) VALUES ('(60.2269, -115.2644)', 'Guarani Mbyá', '401', 'karib');
INSERT INTO ALDEIA("LOCAL", IDIOMA_OFICIAL, NUM_MORADORES, ETNIA) VALUES ('(-0.7893, 21.4294)', 'Tupi Guarani', '532', 'tupi');
INSERT INTO ALDEIA("LOCAL", IDIOMA_OFICIAL, NUM_MORADORES, ETNIA) VALUES ('(-16.2350, 145.3170)', 'Paiter Suruí', '619', 'macro-jê');
INSERT INTO ALDEIA("LOCAL", IDIOMA_OFICIAL, NUM_MORADORES, ETNIA) VALUES ('(55.5100, -133.4380)', 'Nheengatu', '705', 'karib');
INSERT INTO ALDEIA("LOCAL", IDIOMA_OFICIAL, NUM_MORADORES, ETNIA) VALUES ('(48.4700, 8.2107)', 'Yanomami', '423', 'aruak');
INSERT INTO ALDEIA("LOCAL", IDIOMA_OFICIAL, NUM_MORADORES, ETNIA) VALUES ('(4.3964, 102.1661)', 'Karajá', '557', 'tupi');
INSERT INTO ALDEIA("LOCAL", IDIOMA_OFICIAL, NUM_MORADORES, ETNIA) VALUES ('(52.7560, 23.8554)', 'Tikuna', '784', 'tupi');
INSERT INTO ALDEIA("LOCAL", IDIOMA_OFICIAL, NUM_MORADORES, ETNIA) VALUES ('(10.3018, -84.8255)', 'Xavante', '362', 'macro-jê');
INSERT INTO ALDEIA("LOCAL", IDIOMA_OFICIAL, NUM_MORADORES, ETNIA) VALUES ('(-42.8741, -72.6267)', 'Bakairi', '641', 'aruak');

-- Inserção na tabela indigena
INSERT INTO INDIGENA(CPF, DATA_NASC, RANI, NOME, SEXO, ALDEIA) VALUES ('90462389147', '12/07/1990', '289305671034567', 'Aiyra', 'Male', '(-16.2350, 145.3170)');
INSERT INTO INDIGENA(CPF, DATA_NASC, RANI, NOME, SEXO, ALDEIA) VALUES ('58702149856', '28/03/1985', '405672918345678', 'Jaciara', 'Female', '(-42.8741, -72.6267)');
INSERT INTO INDIGENA(CPF, DATA_NASC, RANI, NOME, SEXO, ALDEIA) VALUES ('71593468012', '05/09/1978', '512346789056789', 'Jaguar', 'Male', '(-0.7893, 21.4294)');
INSERT INTO INDIGENA(CPF, DATA_NASC, RANI, NOME, SEXO, ALDEIA) VALUES ('40216735899', '21/11/1993', '723456901267890', 'Iara', 'Female', '(48.4700, 8.2107)');
INSERT INTO INDIGENA(CPF, DATA_NASC, RANI, NOME, SEXO, ALDEIA) VALUES ('86145927340', '08/06/1982', '839012345678901', 'Kariri', 'Male', '(60.2269, -115.2644)');
INSERT INTO INDIGENA(CPF, DATA_NASC, RANI, NOME, SEXO, ALDEIA) VALUES ('13972584690', '17/02/1998', '945678912389012', 'Mayumi', 'Female', '(10.3018, -84.8255)');
INSERT INTO INDIGENA(CPF, DATA_NASC, RANI, NOME, SEXO, ALDEIA) VALUES ('28941657320', '04/12/1975', '156789023490123', 'Yaci', 'Male', '(55.5100, -133.4380)');
INSERT INTO INDIGENA(CPF, DATA_NASC, RANI, NOME, SEXO, ALDEIA) VALUES ('50261873924', '19/10/1991', '267890134501234', 'Potira', 'Female', '(-3.4653, -62.2159)');
INSERT INTO INDIGENA(CPF, DATA_NASC, RANI, NOME, SEXO, ALDEIA) VALUES ('20784569351', '26/04/1988', '378901245612345', 'Tupiara', 'Male', '(4.3964, 102.1661)');
INSERT INTO INDIGENA(CPF, DATA_NASC, RANI, NOME, SEXO, ALDEIA) VALUES ('78693415820', '13/08/1995', '490123456723456', 'Yasmin', 'Female', '(-42.8741, -72.6267)');
INSERT INTO INDIGENA(CPF, DATA_NASC, RANI, NOME, SEXO, ALDEIA) VALUES ('12986457023', '01/02/1983', '501234567834567', 'Tapuia', 'Male', '(-16.2350, 145.3170)');
INSERT INTO INDIGENA(CPF, DATA_NASC, RANI, NOME, SEXO, ALDEIA) VALUES ('40587291634', '18/11/1970', '612345678945678', 'Jandira', 'Female', '(-0.7893, 21.4294)');
INSERT INTO INDIGENA(CPF, DATA_NASC, RANI, NOME, SEXO, ALDEIA) VALUES ('81753946208', '06/07/1987', '723456789056789', 'Kuaracy', 'Male', '(-3.4653, -62.2159)');
INSERT INTO INDIGENA(CPF, DATA_NASC, RANI, NOME, SEXO, ALDEIA) VALUES ('57492830167', '23/03/1994', '834567890167890', 'Ubiratan', 'Male', '(10.3018, -84.8255)');
INSERT INTO INDIGENA(CPF, DATA_NASC, RANI, NOME, SEXO, ALDEIA) VALUES ('21053687495', '10/09/1981', '945678901278901', 'Irani', 'Male', '(55.5100, -133.4380)');
INSERT INTO INDIGENA(CPF, DATA_NASC, RANI, NOME, SEXO, ALDEIA) VALUES ('65914208735', '27/12/1996', '567890123389012', 'Cauê', 'Male', '(-42.8741, -72.6267)');
INSERT INTO INDIGENA(CPF, DATA_NASC, RANI, NOME, SEXO, ALDEIA) VALUES ('10875962473', '14/05/1973', '678901234490123', 'Catarina', 'Female', '(-16.2350, 145.3170)');
INSERT INTO INDIGENA(CPF, DATA_NASC, RANI, NOME, SEXO, ALDEIA) VALUES ('37209841695', '31/01/1999', '789012345501234', 'Jaci', 'Female', '(4.3964, 102.1661)');
INSERT INTO INDIGENA(CPF, DATA_NASC, RANI, NOME, SEXO, ALDEIA) VALUES ('94527108364', '17/08/1986', '890123456612345', 'Uru', 'Male', '(48.4700, 8.2107)');
INSERT INTO INDIGENA(CPF, DATA_NASC, RANI, NOME, SEXO, ALDEIA) VALUES ('53641928750', '03/04/1979', '901234567723456', 'Guarani', 'Male', '(-3.4653, -62.2159)');
INSERT INTO INDIGENA(CPF, DATA_NASC, RANI, NOME, SEXO, ALDEIA) VALUES ('86903415267', '20/12/1992', '345678901834567', 'Poti', 'Male', '(-16.2350, 145.3170)');
INSERT INTO INDIGENA(CPF, DATA_NASC, RANI, NOME, SEXO, ALDEIA) VALUES ('40162758394', '07/06/1989', '456789012945678', 'Yara', 'Female', '(-0.7893, 21.4294)');
INSERT INTO INDIGENA(CPF, DATA_NASC, RANI, NOME, SEXO, ALDEIA) VALUES ('75382910416', '25/01/1976', '567890123056789', 'Jurema', 'Female', '(55.5100, -133.4380)');
INSERT INTO INDIGENA(CPF, DATA_NASC, RANI, NOME, SEXO, ALDEIA) VALUES ('62014397856', '11/09/1997', '678901234167890', 'Itacira', 'Female', '(-42.8741, -72.6267)');
INSERT INTO INDIGENA(CPF, DATA_NASC, RANI, NOME, SEXO, ALDEIA) VALUES ('16845273901', '27/02/1984', '789012345278901', 'Iraniara', 'Female', '(-0.7893, 21.4294)');
INSERT INTO INDIGENA(CPF, DATA_NASC, RANI, NOME, SEXO, ALDEIA) VALUES ('70382159462', '14/10/1971', '890123456389012', 'Jaciara', 'Female', '(4.3964, 102.1661)');
INSERT INTO INDIGENA(CPF, DATA_NASC, RANI, NOME, SEXO, ALDEIA) VALUES ('91264705832', '01/05/1980', '901234567490123', 'Yacamin', 'Male', '(-3.4653, -62.2159)');
INSERT INTO INDIGENA(CPF, DATA_NASC, RANI, NOME, SEXO, ALDEIA) VALUES ('52841690327', '16/12/1997', '123456789501234', 'Maitê', 'Female', '(48.4700, 8.2107)');
INSERT INTO INDIGENA(CPF, DATA_NASC, RANI, NOME, SEXO, ALDEIA) VALUES ('35809142675', '03/07/1987', '234567890612345', 'Potyra', 'Female', '(-0.7893, 21.4294)');
INSERT INTO INDIGENA(CPF, DATA_NASC, RANI, NOME, SEXO, ALDEIA) VALUES ('61987452034', '08/01/1974', '345678901723456', 'Irani', 'Male', '(-16.2350, 145.3170)');
INSERT INTO INDIGENA(CPF, DATA_NASC, RANI, NOME, SEXO, ALDEIA) VALUES ('43016728591', '25/08/1991', '456789012834567', 'Jaci', 'Male', '(4.3964, 102.1661)');
INSERT INTO INDIGENA(CPF, DATA_NASC, RANI, NOME, SEXO, ALDEIA) VALUES ('80539641278', '12/03/1988', '567890123945678', 'Iara', 'Female', '(55.5100, -133.4380)');
INSERT INTO INDIGENA(CPF, DATA_NASC, RANI, NOME, SEXO, ALDEIA) VALUES ('17842596304', '29/09/1975', '678901234056789', 'Jaguaré', 'Male', '(-0.7893, 21.4294)');
INSERT INTO INDIGENA(CPF, DATA_NASC, RANI, NOME, SEXO, ALDEIA) VALUES ('91267450382', '15/06/1995', '789012345167890', 'Yara', 'Female', '(10.3018, -84.8255)');
INSERT INTO INDIGENA(CPF, DATA_NASC, RANI, NOME, SEXO, ALDEIA) VALUES ('30592874106', '02/01/1982', '890123456278901', 'Jurema', 'Female', '(55.5100, -133.4380)');
INSERT INTO INDIGENA(CPF, DATA_NASC, RANI, NOME, SEXO, ALDEIA) VALUES ('67251948023', '18/10/1999', '901234567389012', 'Itacira', 'Female', '(-42.8741, -72.6267)');
INSERT INTO INDIGENA(CPF, DATA_NASC, RANI, NOME, SEXO, ALDEIA) VALUES ('45639281705', '06/05/1986', '123456789490123', 'Yaciara', 'Female', '(-16.2350, 145.3170)');

-- Inserção na tabela idiomas_indigena

INSERT INTO IDIOMAS_INDIGENA(INDIGENA, IDIOMA) VALUES ('90462389147', 'Guarani Mbyá');
INSERT INTO IDIOMAS_INDIGENA(INDIGENA, IDIOMA) VALUES ('58702149856', 'Tikuna');
INSERT INTO IDIOMAS_INDIGENA(INDIGENA, IDIOMA) VALUES ('71593468012', 'Kaingang');
INSERT INTO IDIOMAS_INDIGENA(INDIGENA, IDIOMA) VALUES ('40216735899', 'Paiter Suruí');
INSERT INTO IDIOMAS_INDIGENA(INDIGENA, IDIOMA) VALUES ('86145927340', 'Karajá');
INSERT INTO IDIOMAS_INDIGENA(INDIGENA, IDIOMA) VALUES ('13972584690', 'Nheengatu');
INSERT INTO IDIOMAS_INDIGENA(INDIGENA, IDIOMA) VALUES ('28941657320', 'Xavante');
INSERT INTO IDIOMAS_INDIGENA(INDIGENA, IDIOMA) VALUES ('50261873924', 'Bakairi');
INSERT INTO IDIOMAS_INDIGENA(INDIGENA, IDIOMA) VALUES ('20784569351', 'Yanomami');
INSERT INTO IDIOMAS_INDIGENA(INDIGENA, IDIOMA) VALUES ('78693415820', 'Tupi Guarani');
INSERT INTO IDIOMAS_INDIGENA(INDIGENA, IDIOMA) VALUES ('12986457023', 'Guarani Mbyá');
INSERT INTO IDIOMAS_INDIGENA(INDIGENA, IDIOMA) VALUES ('40587291634', 'Tupi Guarani');
INSERT INTO IDIOMAS_INDIGENA(INDIGENA, IDIOMA) VALUES ('81753946208', 'Karajá');
INSERT INTO IDIOMAS_INDIGENA(INDIGENA, IDIOMA) VALUES ('57492830167', 'Kaingang');
INSERT INTO IDIOMAS_INDIGENA(INDIGENA, IDIOMA) VALUES ('21053687495', 'Xavante');
INSERT INTO IDIOMAS_INDIGENA(INDIGENA, IDIOMA) VALUES ('65914208735', 'Nheengatu');
INSERT INTO IDIOMAS_INDIGENA(INDIGENA, IDIOMA) VALUES ('10875962473', 'Yanomami');
INSERT INTO IDIOMAS_INDIGENA(INDIGENA, IDIOMA) VALUES ('37209841695', 'Bakairi');
INSERT INTO IDIOMAS_INDIGENA(INDIGENA, IDIOMA) VALUES ('94527108364', 'Paiter Suruí');
INSERT INTO IDIOMAS_INDIGENA(INDIGENA, IDIOMA) VALUES ('53641928750', 'Tikuna');
INSERT INTO IDIOMAS_INDIGENA(INDIGENA, IDIOMA) VALUES ('86903415267', 'Guarani Mbyá');
INSERT INTO IDIOMAS_INDIGENA(INDIGENA, IDIOMA) VALUES ('40162758394', 'Yanomami');
INSERT INTO IDIOMAS_INDIGENA(INDIGENA, IDIOMA) VALUES ('75382910416', 'Karajá');
INSERT INTO IDIOMAS_INDIGENA(INDIGENA, IDIOMA) VALUES ('62014397856', 'Kaingang');
INSERT INTO IDIOMAS_INDIGENA(INDIGENA, IDIOMA) VALUES ('16845273901', 'Xavante');
INSERT INTO IDIOMAS_INDIGENA(INDIGENA, IDIOMA) VALUES ('70382159462', 'Nheengatu');
INSERT INTO IDIOMAS_INDIGENA(INDIGENA, IDIOMA) VALUES ('91264705832', 'Tupi Guarani');
INSERT INTO IDIOMAS_INDIGENA(INDIGENA, IDIOMA) VALUES ('52841690327', 'Bakairi');
INSERT INTO IDIOMAS_INDIGENA(INDIGENA, IDIOMA) VALUES ('35809142675', 'Guarani Mbyá');
INSERT INTO IDIOMAS_INDIGENA(INDIGENA, IDIOMA) VALUES ('61987452034', 'Paiter Suruí');
INSERT INTO IDIOMAS_INDIGENA(INDIGENA, IDIOMA) VALUES ('43016728591', 'Tikuna');
INSERT INTO IDIOMAS_INDIGENA(INDIGENA, IDIOMA) VALUES ('80539641278', 'Karajá');
INSERT INTO IDIOMAS_INDIGENA(INDIGENA, IDIOMA) VALUES ('17842596304', 'Kaingang');
INSERT INTO IDIOMAS_INDIGENA(INDIGENA, IDIOMA) VALUES ('91267450382', 'Xavante');
INSERT INTO IDIOMAS_INDIGENA(INDIGENA, IDIOMA) VALUES ('30592874106', 'Nheengatu');
INSERT INTO IDIOMAS_INDIGENA(INDIGENA, IDIOMA) VALUES ('67251948023', 'Tupi Guarani');
INSERT INTO IDIOMAS_INDIGENA(INDIGENA, IDIOMA) VALUES ('45639281705', 'Yanomami');

-- Inserção na tabela patrocinio
INSERT INTO PATROCINIO(NOTA_FISCAL) VALUES ('592837');
INSERT INTO PATROCINIO(NOTA_FISCAL) VALUES ('721046');
INSERT INTO PATROCINIO(NOTA_FISCAL) VALUES ('349875');
INSERT INTO PATROCINIO(NOTA_FISCAL) VALUES ('910264');
INSERT INTO PATROCINIO(NOTA_FISCAL) VALUES ('685973');
INSERT INTO PATROCINIO(NOTA_FISCAL) VALUES ('503492');
INSERT INTO PATROCINIO(NOTA_FISCAL) VALUES ('187356');
INSERT INTO PATROCINIO(NOTA_FISCAL) VALUES ('629815');
INSERT INTO PATROCINIO(NOTA_FISCAL) VALUES ('374920');
INSERT INTO PATROCINIO(NOTA_FISCAL) VALUES ('841539');
INSERT INTO PATROCINIO(NOTA_FISCAL) VALUES ('123456');
INSERT INTO PATROCINIO(NOTA_FISCAL) VALUES ('987654');
INSERT INTO PATROCINIO(NOTA_FISCAL) VALUES ('543210');
INSERT INTO PATROCINIO(NOTA_FISCAL) VALUES ('678901');
INSERT INTO PATROCINIO(NOTA_FISCAL) VALUES ('456789');
INSERT INTO PATROCINIO(NOTA_FISCAL) VALUES ('890123');
INSERT INTO PATROCINIO(NOTA_FISCAL) VALUES ('234567');
INSERT INTO PATROCINIO(NOTA_FISCAL) VALUES ('789012');
INSERT INTO PATROCINIO(NOTA_FISCAL) VALUES ('345678');
INSERT INTO PATROCINIO(NOTA_FISCAL) VALUES ('901234');

-- Inserção na tabela fornecimento
INSERT INTO FORNECIMENTO(PATROCINIO, "DATA", PATROCINADOR, TIPO) VALUES ('592837', '12/04/2023', '10987654000110', 'CURSO');
INSERT INTO FORNECIMENTO(PATROCINIO, "DATA", PATROCINADOR, TIPO) VALUES ('721046', '24/02/2023', '98765432000102', 'PROJETO');
INSERT INTO FORNECIMENTO(PATROCINIO, "DATA", PATROCINADOR, TIPO) VALUES ('349875', '18/03/2023', '54321098000106', 'CURSO');
INSERT INTO FORNECIMENTO(PATROCINIO, "DATA", PATROCINADOR, TIPO) VALUES ('910264', '25/04/2023', '32109876000108', 'CURSO');
INSERT INTO FORNECIMENTO(PATROCINIO, "DATA", PATROCINADOR, TIPO) VALUES ('685973', '07/05/2023', '76543210000104', 'PROJETO');
INSERT INTO FORNECIMENTO(PATROCINIO, "DATA", PATROCINADOR, TIPO) VALUES ('503492', '15/02/2023', '43210987000107', 'CURSO');
INSERT INTO FORNECIMENTO(PATROCINIO, "DATA", PATROCINADOR, TIPO) VALUES ('187356', '30/03/2023', '87654321000103', 'PROJETO');
INSERT INTO FORNECIMENTO(PATROCINIO, "DATA", PATROCINADOR, TIPO) VALUES ('629815', '06/03/2023', '21098765000109', 'CURSO');
INSERT INTO FORNECIMENTO(PATROCINIO, "DATA", PATROCINADOR, TIPO) VALUES ('374920', '16/05/2023', '12345678000101', 'CURSO');
INSERT INTO FORNECIMENTO(PATROCINIO, "DATA", PATROCINADOR, TIPO) VALUES ('841539', '01/04/2023', '65432109000105', 'CURSO');
INSERT INTO FORNECIMENTO(PATROCINIO, "DATA", PATROCINADOR, TIPO) VALUES ('123456', '15/02/2023', '12345678000101', 'CURSO');
INSERT INTO FORNECIMENTO(PATROCINIO, "DATA", PATROCINADOR, TIPO) VALUES ('987654', '28/02/2023', '98765432000102', 'PROJETO');
INSERT INTO FORNECIMENTO(PATROCINIO, "DATA", PATROCINADOR, TIPO) VALUES ('543210', '12/03/2023', '87654321000103', 'CURSO');
INSERT INTO FORNECIMENTO(PATROCINIO, "DATA", PATROCINADOR, TIPO) VALUES ('678901', '24/03/2023', '76543210000104', 'PROJETO');
INSERT INTO FORNECIMENTO(PATROCINIO, "DATA", PATROCINADOR, TIPO) VALUES ('456789', '06/04/2023', '65432109000105', 'CURSO');
INSERT INTO FORNECIMENTO(PATROCINIO, "DATA", PATROCINADOR, TIPO) VALUES ('890123', '18/04/2023', '54321098000106', 'PROJETO');
INSERT INTO FORNECIMENTO(PATROCINIO, "DATA", PATROCINADOR, TIPO) VALUES ('234567', '01/05/2023', '43210987000107', 'PROJETO');
INSERT INTO FORNECIMENTO(PATROCINIO, "DATA", PATROCINADOR, TIPO) VALUES ('789012', '13/05/2023', '32109876000108', 'PROJETO');
INSERT INTO FORNECIMENTO(PATROCINIO, "DATA", PATROCINADOR, TIPO) VALUES ('345678', '26/05/2023', '21098765000109', 'PROJETO');
INSERT INTO FORNECIMENTO(PATROCINIO, "DATA", PATROCINADOR, TIPO) VALUES ('901234', '18/02/2023', '87654321000103', 'PROJETO');

-- Inserção na tabela material
INSERT INTO MATERIAL(IMEI, TIPO) VALUES ('987654320001028', 'notebook');
INSERT INTO MATERIAL(IMEI, TIPO) VALUES ('543210980001067', 'celular');
INSERT INTO MATERIAL(IMEI, TIPO) VALUES ('321098760001080', 'tablet');
INSERT INTO MATERIAL(IMEI, TIPO) VALUES ('765432100001049', 'tablet');
INSERT INTO MATERIAL(IMEI, TIPO) VALUES ('432109870001071', 'computador');
INSERT INTO MATERIAL(IMEI, TIPO) VALUES ('876543210001036', 'notebook');
INSERT INTO MATERIAL(IMEI, TIPO) VALUES ('210987650001092', 'celular');
INSERT INTO MATERIAL(IMEI, TIPO) VALUES ('123456780001018', 'notebook');
INSERT INTO MATERIAL(IMEI, TIPO) VALUES ('654321090001057', 'tablet');
INSERT INTO MATERIAL(IMEI, TIPO) VALUES ('543210980001068', 'computador');
INSERT INTO MATERIAL(IMEI, TIPO) VALUES ('321098760001087', 'notebook');
INSERT INTO MATERIAL(IMEI, TIPO) VALUES ('765432100001046', 'tablet');
INSERT INTO MATERIAL(IMEI, TIPO) VALUES ('432109870001073', 'celular');
INSERT INTO MATERIAL(IMEI, TIPO) VALUES ('876543210001039', 'notebook');
INSERT INTO MATERIAL(IMEI, TIPO) VALUES ('210987650001096', 'computador');
INSERT INTO MATERIAL(IMEI, TIPO) VALUES ('123456780001014', 'tablet');
INSERT INTO MATERIAL(IMEI, TIPO) VALUES ('654321090001055', 'celular');
INSERT INTO MATERIAL(IMEI, TIPO) VALUES ('543210980001066', 'notebook');
INSERT INTO MATERIAL(IMEI, TIPO) VALUES ('321098760001084', 'tablet');
INSERT INTO MATERIAL(IMEI, TIPO) VALUES ('765432100001042', 'computador');

-- Inserção na tabela material_fornecimento
INSERT INTO MATERIAL_FORNECIMENTO(FORNECIMENTO, MATERIAL, QUANTIDADE) VALUES ('349875', '987654320001028', '58');
INSERT INTO MATERIAL_FORNECIMENTO(FORNECIMENTO, MATERIAL, QUANTIDADE) VALUES ('592837', '543210980001067', '14');
INSERT INTO MATERIAL_FORNECIMENTO(FORNECIMENTO, MATERIAL, QUANTIDADE) VALUES ('187356', '321098760001080', '22');
INSERT INTO MATERIAL_FORNECIMENTO(FORNECIMENTO, MATERIAL, QUANTIDADE) VALUES ('910264', '765432100001049', '47');
INSERT INTO MATERIAL_FORNECIMENTO(FORNECIMENTO, MATERIAL, QUANTIDADE) VALUES ('841539', '432109870001071', '41');
INSERT INTO MATERIAL_FORNECIMENTO(FORNECIMENTO, MATERIAL, QUANTIDADE) VALUES ('685973', '876543210001036', '61');
INSERT INTO MATERIAL_FORNECIMENTO(FORNECIMENTO, MATERIAL, QUANTIDADE) VALUES ('721046', '210987650001092', '39');
INSERT INTO MATERIAL_FORNECIMENTO(FORNECIMENTO, MATERIAL, QUANTIDADE) VALUES ('503492', '123456780001018', '75');
INSERT INTO MATERIAL_FORNECIMENTO(FORNECIMENTO, MATERIAL, QUANTIDADE) VALUES ('374920', '654321090001057', '63');
INSERT INTO MATERIAL_FORNECIMENTO(FORNECIMENTO, MATERIAL, QUANTIDADE) VALUES ('629815', '543210980001068', '20');
INSERT INTO MATERIAL_FORNECIMENTO(FORNECIMENTO, MATERIAL, QUANTIDADE) VALUES ('123456', '321098760001087', '83');
INSERT INTO MATERIAL_FORNECIMENTO(FORNECIMENTO, MATERIAL, QUANTIDADE) VALUES ('987654', '765432100001046', '80');
INSERT INTO MATERIAL_FORNECIMENTO(FORNECIMENTO, MATERIAL, QUANTIDADE) VALUES ('543210', '432109870001073', '94');
INSERT INTO MATERIAL_FORNECIMENTO(FORNECIMENTO, MATERIAL, QUANTIDADE) VALUES ('678901', '876543210001039', '38');
INSERT INTO MATERIAL_FORNECIMENTO(FORNECIMENTO, MATERIAL, QUANTIDADE) VALUES ('456789', '210987650001096', '77');
INSERT INTO MATERIAL_FORNECIMENTO(FORNECIMENTO, MATERIAL, QUANTIDADE) VALUES ('890123', '123456780001014', '3');
INSERT INTO MATERIAL_FORNECIMENTO(FORNECIMENTO, MATERIAL, QUANTIDADE) VALUES ('234567', '654321090001055', '28');
INSERT INTO MATERIAL_FORNECIMENTO(FORNECIMENTO, MATERIAL, QUANTIDADE) VALUES ('789012', '543210980001066', '69');
INSERT INTO MATERIAL_FORNECIMENTO(FORNECIMENTO, MATERIAL, QUANTIDADE) VALUES ('345678', '321098760001084', '17');
INSERT INTO MATERIAL_FORNECIMENTO(FORNECIMENTO, MATERIAL, QUANTIDADE) VALUES ('901234', '765432100001042', '90');

-- Inserção na tabela curso
INSERT INTO CURSO(CODIGO, NOME, EMENTA) VALUES ('DSTIC7852', 'Habilidades Digitais', 'Aprenda habilidades digitais essenciais para comunidades indígenas.');
INSERT INTO CURSO(CODIGO, NOME, EMENTA) VALUES ('EYTECH9647', 'Empoderando a Juventude Indígena', 'Empodere a juventude indígena por meio da educação em tecnologia.');
INSERT INTO CURSO(CODIGO, NOME, EMENTA) VALUES ('MTIE2135', 'Tecnologia Móvel', 'Explore o mundo da tecnologia móvel e suas aplicações.');
INSERT INTO CURSO(CODIGO, NOME, EMENTA) VALUES ('SIAT6098', 'Advocacia em Mídias Sociais', 'Aproveite o poder das mídias sociais para a defesa dos povos indígenas.');
INSERT INTO CURSO(CODIGO, NOME, EMENTA) VALUES ('ILTECH4371', 'Aplicativos de Línguas Indígenas', 'Crie aplicativos inovadores para preservar as línguas indígenas.');
INSERT INTO CURSO(CODIGO, NOME, EMENTA) VALUES ('DSTIC8250', 'Narrativas Digitais', 'Aprenda a contar histórias envolventes por meio da mídia digital.');
INSERT INTO CURSO(CODIGO, NOME, EMENTA) VALUES ('SPFIT1926', 'Fotografia com Smartphone', 'Domine a arte da fotografia usando smartphones.');
INSERT INTO CURSO(CODIGO, NOME, EMENTA) VALUES ('NICA3564', 'Navegando por Comunidades Indígenas', 'Obtenha insights sobre como navegar por comunidades indígenas com o uso da tecnologia.');
INSERT INTO CURSO(CODIGO, NOME, EMENTA) VALUES ('CAIA7109', 'Segurança Cibernética', 'Aprenda sobre práticas de segurança cibernética para organizações indígenas.');
INSERT INTO CURSO(CODIGO, NOME, EMENTA) VALUES ('IDMP4823', 'Gestão de Dados Indígenas', 'Explore estratégias eficazes de gestão de dados para projetos indígenas.');

-- Inserção na tabela pre_requisitos
INSERT INTO PRE_REQUISITOS(CURSO_A, CURSO_B) VALUES ('DSTIC7852', 'EYTECH9647');
INSERT INTO PRE_REQUISITOS(CURSO_A, CURSO_B) VALUES ('MTIE2135', 'SIAT6098');
INSERT INTO PRE_REQUISITOS(CURSO_A, CURSO_B) VALUES ('ILTECH4371', 'DSTIC8250');
INSERT INTO PRE_REQUISITOS(CURSO_A, CURSO_B) VALUES ('SPFIT1926', 'NICA3564');
INSERT INTO PRE_REQUISITOS(CURSO_A, CURSO_B) VALUES ('CAIA7109', 'IDMP4823');

-- Inserção na tabela fornecimento_curso
INSERT INTO FORNECIMENTO_CURSO(FORNECIMENTO, CURSO) VALUES ('592837', 'DSTIC7852');
INSERT INTO FORNECIMENTO_CURSO(FORNECIMENTO, CURSO) VALUES ('349875', 'EYTECH9647');
INSERT INTO FORNECIMENTO_CURSO(FORNECIMENTO, CURSO) VALUES ('910264', 'MTIE2135');
INSERT INTO FORNECIMENTO_CURSO(FORNECIMENTO, CURSO) VALUES ('503492', 'SIAT6098');
INSERT INTO FORNECIMENTO_CURSO(FORNECIMENTO, CURSO) VALUES ('629815', 'ILTECH4371');
INSERT INTO FORNECIMENTO_CURSO(FORNECIMENTO, CURSO) VALUES ('374920', 'DSTIC8250');
INSERT INTO FORNECIMENTO_CURSO(FORNECIMENTO, CURSO) VALUES ('841539', 'SPFIT1926');
INSERT INTO FORNECIMENTO_CURSO(FORNECIMENTO, CURSO) VALUES ('123456', 'NICA3564');
INSERT INTO FORNECIMENTO_CURSO(FORNECIMENTO, CURSO) VALUES ('543210', 'CAIA7109');
INSERT INTO FORNECIMENTO_CURSO(FORNECIMENTO, CURSO) VALUES ('456789', 'IDMP4823');

-- Inserção na tabela projeto
INSERT INTO PROJETO(TITULO, PROFESSOR, ALUNO, PUBLICO_ALVO, TEMA, ESPECIFICACAO) VALUES ('Automação Residencial Inteligente', 87420936501, 90462389147, 'Proprietários de Imóveis', 'Internet das Coisas', 'Controle e monitoramento de dispositivos domésticos remotamente.');
INSERT INTO PROJETO(TITULO, PROFESSOR, ALUNO, PUBLICO_ALVO, TEMA, ESPECIFICACAO) VALUES ('Plataforma de Ensino Eletrônico', 59203678149, 58702149856, 'Estudantes', 'Tecnologia Educacional', 'Oferecer cursos online e materiais educacionais.');
INSERT INTO PROJETO(TITULO, PROFESSOR, ALUNO, PUBLICO_ALVO, TEMA, ESPECIFICACAO) VALUES ('Aplicativo Móvel de Saúde', 20384791562, 71593468012, 'Pacientes', 'Saúde Móvel', 'Fornecer informações de saúde personalizadas e rastrear sinais vitais.');
INSERT INTO PROJETO(TITULO, PROFESSOR, ALUNO, PUBLICO_ALVO, TEMA, ESPECIFICACAO) VALUES ('Sistema de Monitoramento Ambiental', 75162983047, 40216735899, 'Ecologistas', 'Sustentabilidade', 'Monitorar e analisar dados ambientais.');
INSERT INTO PROJETO(TITULO, PROFESSOR, ALUNO, PUBLICO_ALVO, TEMA, ESPECIFICACAO) VALUES ('Solução de Gerenciamento de Energia', 87420936501, 86145927340, 'Proprietários de Edifícios', 'Eficiência Energética', 'Otimizar o consumo de energia e reduzir custos.');
INSERT INTO PROJETO(TITULO, PROFESSOR, ALUNO, PUBLICO_ALVO, TEMA, ESPECIFICACAO) VALUES ('Treinamento em Realidade Virtual', 59203678149, 13972584690, 'Estagiários', 'Realidade Virtual', 'Simular cenários do mundo real para fins de treinamento.');
INSERT INTO PROJETO(TITULO, PROFESSOR, ALUNO, PUBLICO_ALVO, TEMA, ESPECIFICACAO) VALUES ('Plataforma de Análise de Dados', 20384791562, 28941657320, 'Analistas de Dados', 'Big Data', 'Processar e analisar grandes conjuntos de dados para obter insights.');
INSERT INTO PROJETO(TITULO, PROFESSOR, ALUNO, PUBLICO_ALVO, TEMA, ESPECIFICACAO) VALUES ('Aplicativo de Rede Social', 75162983047, 50261873924, 'Usuários de Redes Sociais', 'Rede Social', 'Conectar e interagir com amigos e comunidades.');
INSERT INTO PROJETO(TITULO, PROFESSOR, ALUNO, PUBLICO_ALVO, TEMA, ESPECIFICACAO) VALUES ('Website de Comércio Eletrônico', 87420936501, 20784569351, 'Compradores Online', 'Comércio Eletrônico', 'Comprar e vender produtos online.');
INSERT INTO PROJETO(TITULO, PROFESSOR, ALUNO, PUBLICO_ALVO, TEMA, ESPECIFICACAO) VALUES ('Sistema de Reservas Online', 59203678149, 78693415820, 'Viajantes', 'Hospitalidade', 'Reservar acomodações, voos e outros serviços de viagem online.');

-- Inserção na tabela palavras_chave
INSERT INTO PALAVRAS_CHAVE(PROJETO, PALAVRA) VALUES ('Automação Residencial Inteligente', 'Inteligência Artificial');
INSERT INTO PALAVRAS_CHAVE(PROJETO, PALAVRA) VALUES ('Automação Residencial Inteligente', 'Redes Neurais');
INSERT INTO PALAVRAS_CHAVE(PROJETO, PALAVRA) VALUES ('Automação Residencial Inteligente', 'Aprendizado de Máquina');
INSERT INTO PALAVRAS_CHAVE(PROJETO, PALAVRA) VALUES ('Plataforma de Ensino Eletrônico', 'Educação Online');
INSERT INTO PALAVRAS_CHAVE(PROJETO, PALAVRA) VALUES ('Plataforma de Ensino Eletrônico', 'Aprendizagem Digital');
INSERT INTO PALAVRAS_CHAVE(PROJETO, PALAVRA) VALUES ('Plataforma de Ensino Eletrônico', 'Recursos Interativos');
INSERT INTO PALAVRAS_CHAVE(PROJETO, PALAVRA) VALUES ('Aplicativo Móvel de Saúde', 'Monitoramento de Saúde');
INSERT INTO PALAVRAS_CHAVE(PROJETO, PALAVRA) VALUES ('Aplicativo Móvel de Saúde', 'Rastreamento de Atividades');
INSERT INTO PALAVRAS_CHAVE(PROJETO, PALAVRA) VALUES ('Aplicativo Móvel de Saúde', 'Dicas de Bem-Estar');
INSERT INTO PALAVRAS_CHAVE(PROJETO, PALAVRA) VALUES ('Sistema de Monitoramento Ambiental', 'Qualidade do Ar');
INSERT INTO PALAVRAS_CHAVE(PROJETO, PALAVRA) VALUES ('Sistema de Monitoramento Ambiental', 'Monitoramento de Ruído');
INSERT INTO PALAVRAS_CHAVE(PROJETO, PALAVRA) VALUES ('Sistema de Monitoramento Ambiental', 'Análise de Dados Ambientais');
INSERT INTO PALAVRAS_CHAVE(PROJETO, PALAVRA) VALUES ('Solução de Gerenciamento de Energia', 'Gerenciamento de Projetos');
INSERT INTO PALAVRAS_CHAVE(PROJETO, PALAVRA) VALUES ('Solução de Gerenciamento de Energia', 'Colaboração em Equipe');
INSERT INTO PALAVRAS_CHAVE(PROJETO, PALAVRA) VALUES ('Solução de Gerenciamento de Energia', 'Automatização de Tarefas');
INSERT INTO PALAVRAS_CHAVE(PROJETO, PALAVRA) VALUES ('Treinamento em Realidade Virtual', 'Experiências Imersivas');
INSERT INTO PALAVRAS_CHAVE(PROJETO, PALAVRA) VALUES ('Treinamento em Realidade Virtual', 'Simulações Interativas');
INSERT INTO PALAVRAS_CHAVE(PROJETO, PALAVRA) VALUES ('Treinamento em Realidade Virtual', 'Ambientes Virtuais');
INSERT INTO PALAVRAS_CHAVE(PROJETO, PALAVRA) VALUES ('Plataforma de Análise de Dados', 'Mineração de Dados');
INSERT INTO PALAVRAS_CHAVE(PROJETO, PALAVRA) VALUES ('Plataforma de Análise de Dados', 'Visualização de Dados');
INSERT INTO PALAVRAS_CHAVE(PROJETO, PALAVRA) VALUES ('Plataforma de Análise de Dados', 'Relatórios de Desempenho');
INSERT INTO PALAVRAS_CHAVE(PROJETO, PALAVRA) VALUES ('Aplicativo de Rede Social', 'Conexão entre Pessoas');
INSERT INTO PALAVRAS_CHAVE(PROJETO, PALAVRA) VALUES ('Aplicativo de Rede Social', 'Compartilhamento de Conteúdo');
INSERT INTO PALAVRAS_CHAVE(PROJETO, PALAVRA) VALUES ('Aplicativo de Rede Social', 'Interação Social');
INSERT INTO PALAVRAS_CHAVE(PROJETO, PALAVRA) VALUES ('Website de Comércio Eletrônico', 'Catálogo de Produtos');
INSERT INTO PALAVRAS_CHAVE(PROJETO, PALAVRA) VALUES ('Website de Comércio Eletrônico', 'Processo de Compra');
INSERT INTO PALAVRAS_CHAVE(PROJETO, PALAVRA) VALUES ('Website de Comércio Eletrônico', 'Pagamentos Online');
INSERT INTO PALAVRAS_CHAVE(PROJETO, PALAVRA) VALUES ('Sistema de Reservas Online', 'Agendamento de Serviços');
INSERT INTO PALAVRAS_CHAVE(PROJETO, PALAVRA) VALUES ('Sistema de Reservas Online', 'Disponibilidade em Tempo Real');
INSERT INTO PALAVRAS_CHAVE(PROJETO, PALAVRA) VALUES ('Sistema de Reservas Online', 'Confirmação Instantânea');

-- Inserção na tabela fornecimento_projeto
INSERT INTO FORNECIMENTO_PROJETO(FORNECIMENTO, PROJETO) VALUES ('721046', 'Automação Residencial Inteligente');
INSERT INTO FORNECIMENTO_PROJETO(FORNECIMENTO, PROJETO) VALUES ('685973', 'Plataforma de Ensino Eletrônico');
INSERT INTO FORNECIMENTO_PROJETO(FORNECIMENTO, PROJETO) VALUES ('187356', 'Aplicativo Móvel de Saúde');
INSERT INTO FORNECIMENTO_PROJETO(FORNECIMENTO, PROJETO) VALUES ('987654', 'Sistema de Monitoramento Ambiental');
INSERT INTO FORNECIMENTO_PROJETO(FORNECIMENTO, PROJETO) VALUES ('678901', 'Solução de Gerenciamento de Energia');
INSERT INTO FORNECIMENTO_PROJETO(FORNECIMENTO, PROJETO) VALUES ('890123', 'Plataforma de Análise de Dados');
INSERT INTO FORNECIMENTO_PROJETO(FORNECIMENTO, PROJETO) VALUES ('234567', 'Aplicativo de Rede Social');
INSERT INTO FORNECIMENTO_PROJETO(FORNECIMENTO, PROJETO) VALUES ('789012', 'Website de Comércio Eletrônico');
INSERT INTO FORNECIMENTO_PROJETO(FORNECIMENTO, PROJETO) VALUES ('345678', 'Sistema de Reservas Online');
INSERT INTO FORNECIMENTO_PROJETO(FORNECIMENTO, PROJETO) VALUES ('901234', 'Treinamento em Realidade Virtual');

-- Inserção na tabela turma
INSERT INTO TURMA(CURSO, ALDEIA, ANO, TRIMESTRE, HORARIO, PROFESSOR) VALUES ('DSTIC7852', '(-3.4653, -62.2159)', '2023', '1o', 'MANHA', '87420936501');
INSERT INTO TURMA(CURSO, ALDEIA, ANO, TRIMESTRE, HORARIO, PROFESSOR) VALUES ('EYTECH9647', '(-16.2350, 145.3170)', '2023', '1o', 'TARDE', '59203678149');
INSERT INTO TURMA(CURSO, ALDEIA, ANO, TRIMESTRE, HORARIO, PROFESSOR) VALUES ('MTIE2135', '(-0.7893, 21.4294)', '2023', '1o', 'MANHA', '20384791562');
INSERT INTO TURMA(CURSO, ALDEIA, ANO, TRIMESTRE, HORARIO, PROFESSOR) VALUES ('SIAT6098', '(-0.7893, 21.4294)', '2023', '1o', 'NOITE', '75162983047');

-- Inserção na tabela aluno_turma
INSERT INTO ALUNO_TURMA(TURMA, ALUNO, APROVADO) VALUES ('1', '50261873924', 'YES');
INSERT INTO ALUNO_TURMA(TURMA, ALUNO, APROVADO) VALUES ('1', '81753946208', 'NO');
INSERT INTO ALUNO_TURMA(TURMA, ALUNO, APROVADO) VALUES ('1', '53641928750', 'YES');
INSERT INTO ALUNO_TURMA(TURMA, ALUNO, APROVADO) VALUES ('1', '91264705832', 'YES');
INSERT INTO ALUNO_TURMA(TURMA, ALUNO, APROVADO) VALUES ('2', '90462389147', 'YES');
INSERT INTO ALUNO_TURMA(TURMA, ALUNO, APROVADO) VALUES ('2', '12986457023', 'YES');
INSERT INTO ALUNO_TURMA(TURMA, ALUNO, APROVADO) VALUES ('2', '10875962473', 'YES');
INSERT INTO ALUNO_TURMA(TURMA, ALUNO, APROVADO) VALUES ('2', '86903415267', 'YES');
INSERT INTO ALUNO_TURMA(TURMA, ALUNO, APROVADO) VALUES ('2', '61987452034', 'NO');
INSERT INTO ALUNO_TURMA(TURMA, ALUNO, APROVADO) VALUES ('2', '45639281705', 'YES');
INSERT INTO ALUNO_TURMA(TURMA, ALUNO, APROVADO) VALUES ('3', '71593468012', 'YES');
INSERT INTO ALUNO_TURMA(TURMA, ALUNO, APROVADO) VALUES ('3', '40587291634', 'YES');
INSERT INTO ALUNO_TURMA(TURMA, ALUNO, APROVADO) VALUES ('3', '40162758394', 'YES');
INSERT INTO ALUNO_TURMA(TURMA, ALUNO, APROVADO) VALUES ('4', '16845273901', 'YES');
INSERT INTO ALUNO_TURMA(TURMA, ALUNO, APROVADO) VALUES ('4', '35809142675', 'YES');
INSERT INTO ALUNO_TURMA(TURMA, ALUNO, APROVADO) VALUES ('4', '17842596304', 'NO');